<?xml version="1.0" encoding="UTF-8"?>
<!--
 Copyright (C) 2007 - 2011 GeoSolutions S.A.S.
 http://www.geo-solutions.it

 GPLv3 + Classpath exception

 This program is free software: you can redistribute it and/or modify
 it under the terms of the GNU General Public License as published by
 the Free Software Foundation, either version 3 of the License, or
 (at your option) any later version.

 This program is distributed in the hope that it will be useful,
 but WITHOUT ANY WARRANTY; without even the implied warranty of
 MERCHANTABILITY or FITNESS FOR A PARTICULAR PURPOSE.  See the
 GNU General Public License for more details.

 You should have received a copy of the GNU General Public License
 along with this program.  If not, see <http://www.gnu.org/licenses/>.
 -->
<persistence version="1.0" 
    xmlns="http://java.sun.com/xml/ns/persistence"
    xmlns:xsi="http://www.w3.org/2001/XMLSchema-instance"
    xsi:schemaLocation="http://java.sun.com/xml/ns/persistence http://java.sun.com/xml/ns/persistence/persistence_1_0.xsd ">

  <persistence-unit name="geostore" transaction-type="RESOURCE_LOCAL">
    <!-- when adding/removing classes, please also keep aligned the src/test/resource/hibernate.cfg.xml file -->
    <class>it.geosolutions.geostore.core.model.StoredData</class>
    <class>it.geosolutions.geostore.core.model.Resource</class>
    <class>it.geosolutions.geostore.core.model.Attribute</class>
    <class>it.geosolutions.geostore.core.model.SecurityRule</class>
    <class>it.geosolutions.geostore.core.model.Category</class>
    <class>it.geosolutions.geostore.core.model.UserAttribute</class>
    <class>it.geosolutions.geostore.core.model.User</class>
    <class>it.geosolutions.geostore.core.model.UserGroup</class>
  </persistence-unit>
</persistence>
